;headline;true_label;events;event_correct
0;Đilas pisao evropskim institucijama i zvaničnicima: Tražimo da se aktivno uključite u rešavanje krize u Srbiji;RELATED;"[{'event_type': 'international_reaction', 'trigger': 'pisao', 'locations': [], 'actors': ['Đilas', 'evropskim institucijama'], 'time_mentions': [], 'confidence': 0.8, 'notes': ""Request for involvement in Serbia's crisis resolution.""}]";TRUE
2;KFOR sprovodi vežbe iskrcavanja iz helikoptera na jugu Kosova;UNRELATED;[{'event_type': 'other', 'trigger': 'sprovodi vežbe', 'locations': ['jugu Kosova'], 'actors': ['KFOR'], 'time_mentions': [], 'confidence': 0.8, 'notes': 'Military exercise.'}];TRUE
3;U Nišu uhapšeni funkcioneri, direktori zdravstvenih ustanova, pripadnici policije i Vojske;RELATED;[{'event_type': 'arrest_detention', 'trigger': 'uhapšeni', 'locations': ['Nišu'], 'actors': [], 'time_mentions': [], 'confidence': 0.9, 'notes': 'Officials, health directors, police, and army members arrested.'}];TRUE
6;Šta se dogodilo u novosadskom Kampusu? Ozbiljne tegobe od suzavca s protesta;RELATED;[{'event_type': 'clash_police_action', 'trigger': 'protesta', 'locations': ['novosadskom Kampusu'], 'actors': [], 'time_mentions': [], 'confidence': 0.9, 'notes': 'Serious issues from tear gas.'}];TRUE
7;Sin Marije Vasić: Nismo dobili nijedan izveštaj, ne želim da se informišem o stanju majke iz medija;RELATED;[];FALSE
8;Vuk Stanković: Đaci Pete u klupama drugih škola dok policija i komisija ne pregledaju zgradu;RELATED;[{'event_type': 'institutional_blockade', 'trigger': 'pregledaju zgradu', 'locations': [], 'actors': ['policija', 'komisija'], 'time_mentions': [], 'confidence': 0.9, 'notes': 'Building inspection affecting school operations.'}];TRUE
12;RHMZ upozorava na ledenu kišu, sneg i olujni vetar večeras i tokom noći;UNRELATED;[{'event_type': 'government_response_policy', 'trigger': 'upozorava', 'locations': [], 'actors': ['RHMZ'], 'time_mentions': ['večeras', 'tokom noći'], 'confidence': 0.9, 'notes': 'Weather warning for freezing rain, snow, and strong winds.'}];FALSE
15;Burazer: Promena stava EU je zasluga vlasti u Srbiji, koja je učinila sve da pokaže da ovde nema demokratije;RELATED;"[{'event_type': 'government_response_policy', 'trigger': 'potvrdila', 'locations': [], 'actors': [""Kompanija 'Genasys'""], 'time_mentions': [], 'confidence': 0.8, 'notes': 'Confirmation about the non-use of LRAD at protests.'}]";TRUE
18;"""Moramo pokazati nadu i strast ili će nam stvarni vlasnik biti vlast"": Studenti idu ka Čumiću";RELATED;[{'event_type': 'march_walk', 'trigger': 'idu ka Čumiću', 'locations': [], 'actors': ['Studenti'], 'time_mentions': [], 'confidence': 0.8, 'notes': 'Students show determination and passion.'}];TRUE
19;"Traži se ""mesto više"": Ugostiteljski objekti u blokadnoj zoni u Nišu puni, redovi ispred kafića";RELATED;[{'event_type': 'traffic_blockade', 'trigger': 'blokadnoj zoni', 'locations': ['Nišu'], 'actors': [], 'time_mentions': [], 'confidence': 0.9, 'notes': 'High demand in restaurants despite the blockade.'}];TRUE
20;Nemački ARD o projektu Jadar - o protestima, Rio Tintu i licemerju vlasti;RELATED;[{'event_type': 'international_reaction', 'trigger': 'o protestima', 'locations': [], 'actors': ['Nemački ARD'], 'time_mentions': [], 'confidence': 0.9, 'notes': 'Discussion of protests and government actions.'}];TRUE
26;Kolege iz Ljubljane podržale studente i profesore FDU u Beogradu;RELATED;[{'event_type': 'counter_rally', 'trigger': 'podržale studente i profesore', 'locations': ['Beogradu'], 'actors': ['Kolege iz Ljubljane'], 'time_mentions': [], 'confidence': 0.9, 'notes': 'Support for student and professor protests.'}];FALSE
27;AP: Srpski studenti protestom obeležili sedam meseci od tragedije na železničkoj stanici;RELATED;[{'event_type': 'protest_rally', 'trigger': 'protestom', 'locations': [], 'actors': ['Srpski studenti'], 'time_mentions': [], 'confidence': 0.9, 'notes': 'Commemoration of seven months since the railway station tragedy.'}];TRUE
28;Peticiju za oslobađanje studenta Bogdana Jovičića za tri dana potpisalo više od 42.000 građana;RELATED;[{'event_type': 'protest_rally', 'trigger': 'protesta', 'locations': [], 'actors': ['građana'], 'time_mentions': [], 'confidence': 0.9, 'notes': 'Petition for the release of student Bogdan Jovičić.'}];TRUE
35;Veterani sa crvenim beretkama iz Padobranske na protestu poručili: Samo vas gledamo;RELATED;[{'event_type': 'protest_rally', 'trigger': 'protestu', 'locations': [], 'actors': ['Veterani'], 'time_mentions': [], 'confidence': 0.9, 'notes': 'Veterans at a protest make their presence known.'}];TRUE
37;Vojna parada „Snaga jedinstva“ 20. septembra ispred Palate Srbija;UNRELATED;[{'event_type': 'other', 'trigger': 'Vojna parada', 'locations': ['ispred Palate Srbija'], 'actors': [], 'time_mentions': ['20. septembra'], 'confidence': 0.9, 'notes': 'Military parade event planned.'}];TRUE
39;Završni studentski radovi bačeni uz kontejner kod PMF-a u Kragujevcu: Pokrenuta istraga;RELATED;[{'event_type': 'investigation_charges_trial', 'trigger': 'Pokrenuta istraga', 'locations': ['Kragujevcu'], 'actors': [], 'time_mentions': [], 'confidence': 0.8, 'notes': 'Investigation into disposal of student works.'}];TRUE
43;Pritvor do 30 dana za osumnjičenog za ubistvo vanbračne supruge;UNRELATED;[{'event_type': 'investigation_charges_trial', 'trigger': 'Pritvor do 30 dana', 'locations': [], 'actors': ['osumnjičenog'], 'time_mentions': [], 'confidence': 0.8, 'notes': 'Detention for a suspect charged with murder.'}];TRUE
46;Kurti: Proteste u Srbiji ne organizujem ja, već nazadovoljni građani;RELATED;[{'event_type': 'protest_rally', 'trigger': 'Proteste', 'locations': [], 'actors': ['nezadovoljni građani'], 'time_mentions': [], 'confidence': 0.8, 'notes': 'Kurti denies organizing protests in Serbia.'}];TRUE
50;Džo Rogan: U Srbiji se održava jedan od najvećih protesta, ljudi tamo ne trpe s****;RELATED;[{'event_type': 'protest_rally', 'trigger': 'protesta', 'locations': [], 'actors': ['ljudi'], 'time_mentions': [], 'confidence': 0.9, 'notes': 'Description of major protest against the Serbian president.'}];TRUE
52;Nastavnici niške gimnazije traže smenu direktorke jer ih nije zaštitila od uvreda u emisiji;RELATED;[{'event_type': 'strike_boycott', 'trigger': 'traže smenu', 'locations': [], 'actors': ['Nastavnici'], 'time_mentions': [], 'confidence': 0.9, 'notes': 'Teachers demand the dismissal of their director.'}];TRUE
55;Vučić: Vojska i Kobre nemaju zvučni top, istraga o širenju laži biće završena za 48 sati;RELATED;[];FALSE
56;"BIA tvrdi da nema ""zvučni top"": Pripadnici Agencije nisu osetili efekte takvog sredstva";RELATED;[];FALSE
57;"""Protest je ispit"": Niški studenti protestovali ispred Univerziteta i Skupštine grada";RELATED;"[{'event_type': 'protest_rally', 'trigger': 'protestovali', 'locations': ['isprede Univerziteta', 'Skupštine grada'], 'actors': ['Niški studenti'], 'time_mentions': [], 'confidence': 0.9, 'notes': ""Student protest described as an 'exam'.""}]";TRUE
62;VIDEO Dramatično veče u Beogradu: Zapaljeni kontejneri, suzavac i oklopna vozila;RELATED;[{'event_type': 'clash_police_action', 'trigger': 'suzavac', 'locations': ['Beogradu'], 'actors': [], 'time_mentions': [], 'confidence': 0.9, 'notes': 'Dramatic clash involving tear gas and armored vehicles.'}];TRUE
66;Studentkinja: Trojica muškaraca ubacila mladića u auto bez tablica i odvezla ga;RELATED;[{'event_type': 'arrest_detention', 'trigger': 'ubacila mladića u auto', 'locations': [], 'actors': [], 'time_mentions': [], 'confidence': 0.8, 'notes': 'Possible abduction incident.'}];FALSE
68;Veliki broj građana na skupu ispred Pravnog fakulteta, studenti potpisivali punomoćje sa advokatima;RELATED;[{'event_type': 'protest_rally', 'trigger': 'skupu', 'locations': ['ispred Pravnog fakulteta'], 'actors': ['građana', 'studenti'], 'time_mentions': [], 'confidence': 0.9, 'notes': 'Large gathering of citizens and students with legal counsel.'}];TRUE
70;U Kosjeriću proglašene tri liste za izbore 8. juna;RELATED;[];FALSE
71;Protestna šetnja roditelja privedenih i građana u Severnoj Mitrovici: „Sada su našu decu, sutra će vašu“;RELATED;[{'event_type': 'protest_rally', 'trigger': 'Protestna šetnja', 'locations': ['Severnoj Mitrovici'], 'actors': ['roditelja privedenih', 'građana'], 'time_mentions': [], 'confidence': 0.9, 'notes': 'Protest march by parents and citizens.'}];TRUE
80;"Studenti nastavljaju ""Turu do Strazbura"": Posle odmora u Minhenu kreću ka Ulmu";RELATED;[{'event_type': 'march_walk', 'trigger': 'Turu do Strazbura', 'locations': [], 'actors': ['Studenti'], 'time_mentions': [], 'confidence': 0.8, 'notes': 'Student march towards Strasbourg.'}];TRUE
83;Vladimir Radusinović (Atheist Rap) o zabrani koncerta i protestima: Vlastima ostala šaka hipnotisanih građana;RELATED;[{'event_type': 'protest_rally', 'trigger': 'protestima', 'locations': [], 'actors': [], 'time_mentions': [], 'confidence': 0.8, 'notes': 'Discussion of protests against the government.'}];TRUE
90;"""Mi smo ustali, sada je red na vas"": Uprava i dekan Filozofskog stali uz studente";RELATED;[{'event_type': 'protest_rally', 'trigger': 'protesta', 'locations': [], 'actors': ['Uprava', 'dekan', 'studenti'], 'time_mentions': [], 'confidence': 0.8, 'notes': 'Support from faculty for student protests.'}];TRUE
91;Protest profesora niške gimnazije Stevan Sremac: Žrtve smo političke odmazde zbog podrške studentima;RELATED;[{'event_type': 'protest_rally', 'trigger': 'protest', 'locations': [], 'actors': ['profesora niške gimnazije'], 'time_mentions': [], 'confidence': 0.9, 'notes': 'Teachers protest against political retribution.'}];TRUE
98;Počinje suđenje Aleksandru Vučiću po tužbi Branislava Jovanovića;RELATED;[{'event_type': 'investigation_charges_trial', 'trigger': 'suđenje', 'locations': [], 'actors': ['Aleksandru Vučiću', 'Branislavu Jovanoviću'], 'time_mentions': [], 'confidence': 0.9, 'notes': 'Trial of Aleksandar Vučić.'}];TRUE
99;Svetske agencije: Desetine hiljada ljudi na protestima u Srbiji protiv populističkog predsednika;RELATED;[{'event_type': 'protest_rally', 'trigger': 'protestima', 'locations': [], 'actors': [], 'time_mentions': [], 'confidence': 0.9, 'notes': 'Large protests against the populist president.'}];TRUE
100;Udruženje arhitekata: Hitna nezavisna krivična i stručna istraga;RELATED;[{'event_type': 'investigation_charges_trial', 'trigger': None, 'locations': [], 'actors': ['Udruženje arhitekata'], 'time_mentions': [], 'confidence': 0.9, 'notes': 'Request for urgent independent criminal and expert investigation.'}];TRUE
101;NUNS osuđuje zastrašivanje i pretnje upućene novinarki Kosseva;RELATED;[{'event_type': 'other', 'trigger': None, 'locations': [], 'actors': ['NUNS'], 'time_mentions': [], 'confidence': 0.8, 'notes': 'Condemnation of intimidation and threats against a journalist.'}];TRUE
103;Na Horgošu uhapšena pomoćnica odbeglog biznismena Vladimira Vrbaškog;RELATED;[{'event_type': 'arrest_detention', 'trigger': None, 'locations': ['Horgoš'], 'actors': ['pomoćnica Vladimira Vrbaškog'], 'time_mentions': [], 'confidence': 0.9, 'notes': 'Assistant of the fugitive businessman Vladimir Vrbaškog was arrested.'}];TRUE
106;"""Moju firmu su uništili"": Prevoznik koji je besplatno vozio studente trpi pritiske -  preti da će da naudi sebi ispred SNS-a";RELATED;[{'event_type': 'other', 'trigger': None, 'locations': [], 'actors': ['Prevoznik'], 'time_mentions': [], 'confidence': 0.8, 'notes': 'Transporter under pressure, threatening self-harm in front of SNS.'}];TRUE
109;"(VIDEO) Akcija ""29 minuta za 29 žrtava"": U Novom Sadu i minut tišine za dete iz Zagreba, odata pošta i za stradale u Arilju i na Cetinju";RELATED;"[{'event_type': 'vigil_commemoration', 'trigger': None, 'locations': ['Novi Sad', 'Zagreb', 'Arilje', 'Cetinje'], 'actors': [], 'time_mentions': [], 'confidence': 0.85, 'notes': ""Action '29 minutes for 29 victims' with moments of silence.""}]";TRUE
111;Na Medicinskom fakultetu u Nišu odloženi svi ispitni rokovi i nastavne aktivnosti do daljeg;RELATED;[{'event_type': 'institutional_blockade', 'trigger': None, 'locations': ['Niš'], 'actors': [], 'time_mentions': [], 'confidence': 0.9, 'notes': 'Postponed exams and teaching activities at the Faculty of Medicine.'}];TRUE
130;Podršku Dijani Hrki potpisalo 610 članova Akademske zajednice: Potrebna je transparentna istraga u vezi sa padom nadstrešnice;RELATED;[{'event_type': 'investigation_charges_trial', 'trigger': None, 'locations': [], 'actors': [], 'time_mentions': [], 'confidence': 0.85, 'notes': 'Need for transparent investigation regarding the collapse.'}];TRUE
133;Novosadski univerzitetski nastavnici najavili protestnu šetnju u znak podrške studentima;RELATED;[{'event_type': 'protest_rally', 'trigger': None, 'locations': [], 'actors': ['Novosadski univerzitetski nastavnici'], 'time_mentions': [], 'confidence': 0.9, 'notes': 'Protest walk announced in support of students.'}];TRUE
137;(BLOG) Dijana Hrka se vratila iz bolnice, nastavila štrajk glađu pored Skupštine;RELATED;[{'event_type': 'strike_boycott', 'trigger': None, 'locations': [], 'actors': ['Dijana Hrka'], 'time_mentions': [], 'confidence': 0.8, 'notes': 'Continued hunger strike.'}];TRUE
142;"Privatni prevoznici traže ukidanje reda vožnje, GSP sindikati ukazuju: ""Nećeš znati da l' si pošao ili si došao""";UNRELATED;[{'event_type': 'traffic_blockade', 'trigger': None, 'locations': ['Beograd'], 'actors': [], 'time_mentions': [], 'confidence': 0.9, 'notes': 'Blockade as a show of solidarity with journalists in Gaza.'}];FALSE
144;Optužnica protiv jedne osobe zbog napada na pripadnike KFOR-a;RELATED;[{'event_type': 'investigation_charges_trial', 'trigger': None, 'locations': [], 'actors': [], 'time_mentions': [], 'confidence': 0.8, 'notes': 'Indictment against one person for attack on KFOR members.'}];TRUE
157;N1 saznaje: Čitava uprava PMF-a u Nišu podnela ostavku;RELATED;[{'event_type': 'resignation_dismissal', 'trigger': None, 'locations': ['Niš'], 'actors': ['uprava PMF-a'], 'time_mentions': [], 'confidence': 0.9, 'notes': 'Entire PMF administration in Niš resigned.'}];TRUE
161;Pokret Kreni-Promeni podneo krivičnu prijavu protiv Vučića i Dragana J. Vučićevića;RELATED;[{'event_type': 'investigation_charges_trial', 'trigger': None, 'locations': [], 'actors': ['Pokret Kreni-Promeni', 'Vučić', 'Dragan J. Vučićević'], 'time_mentions': [], 'confidence': 0.9, 'notes': 'Criminal charges filed against Vučić and Dragan J. Vučićević.'}];TRUE
164;Blokada raskrsnice ispred Vlade Srbije - solidarnost sa novinarima u Gazi;RELATED;[{'event_type': 'traffic_blockade', 'trigger': None, 'locations': ['Beograd'], 'actors': [], 'time_mentions': [], 'confidence': 0.9, 'notes': 'Intersection blockade in solidarity with journalists.'}];TRUE
165;Studenti medicine u Novom Sadu u blokadi: Predsedniče, lekar mora da odobri ulazak u jedinicu intenzivne nege;RELATED;[{'event_type': 'institutional_blockade', 'trigger': None, 'locations': ['Novi Sad'], 'actors': ['Studenti medicine'], 'time_mentions': [], 'confidence': 0.9, 'notes': 'Medical students in blockade demanding ICU access authorization.'}];FALSE
168;Ukinut pritvor demonstrantima koji su uhapšeni nakon protesta u Novom Sadu;RELATED;[{'event_type': 'arrest_detention', 'trigger': None, 'locations': ['Novi Sad'], 'actors': [], 'time_mentions': [], 'confidence': 0.9, 'notes': 'Detention lifted for demonstrators arrested after a protest.'}];TRUE
172;New York Times: Projekat porodice Tramp izazvao ostavke i krivične prijave u Srbiji;RELATED;[{'event_type': 'resignation_dismissal', 'trigger': None, 'locations': [], 'actors': [], 'time_mentions': [], 'confidence': 0.85, 'notes': 'Resignations and criminal charges related to Trump family project.'}];FALSE
177;(VIDEO) Automobilom pokosio učesnike blokade kod Poljoprivrednog fakulteta;RELATED;[{'event_type': 'clash_police_action', 'trigger': None, 'locations': [], 'actors': [], 'time_mentions': [], 'confidence': 0.85, 'notes': 'Vehicle ran over blockade participants at Agricultural Faculty.'}];TRUE
182;"Odloženo suđenje četvorici muškaraca, koji su prošle godine ""poršeom"" napali građane na blokadi u Novom Sadu";RELATED;[{'event_type': 'investigation_charges_trial', 'trigger': None, 'locations': ['Novi Sad'], 'actors': [], 'time_mentions': [], 'confidence': 0.85, 'notes': 'Trial postponed for four men who attacked citizens in blockades.'}];TRUE
188;MUP: Uhapšene dve osobe zbog pokušaja ubistva u Lazarevcu;RELATED;[{'event_type': 'arrest_detention', 'trigger': None, 'locations': ['Lazarevac'], 'actors': [], 'time_mentions': [], 'confidence': 0.9, 'notes': 'Two people arrested for attempted murder.'}];TRUE
194;Maturanti više beogradskih gimnazija najavili za danas plenume i bojkot nastave;RELATED;[{'event_type': 'strike_boycott', 'trigger': None, 'locations': ['Beograd'], 'actors': ['maturanti'], 'time_mentions': [], 'confidence': 0.9, 'notes': 'High school seniors announced boycotts and meetings.'}];TRUE
197;Studenti Filološkog blokiraju ulaz u zgradu, optužuju upravu za manipulaciju;RELATED;[{'event_type': 'institutional_blockade', 'trigger': None, 'locations': [], 'actors': ['Studenti Filološkog fakulteta'], 'time_mentions': [], 'confidence': 0.9, 'notes': 'Blocking building entrance, accusing administration of manipulation.'}];TRUE
199;(VIDEO) Autoprevoznik Milomir Jaćimović pušten iz pritvora;RELATED;[{'event_type': 'arrest_detention', 'trigger': None, 'locations': [], 'actors': ['Milomir Jaćimović'], 'time_mentions': [], 'confidence': 0.9, 'notes': 'Transporter released from detention.'}];TRUE
200;Student DUNP-a: Ove šetnje poništavaju mržnju koju je režim sejao poslednjih 30 godina;RELATED;[{'event_type': 'march_walk', 'trigger': 'šetnje', 'locations': [], 'actors': ['Student DUNP-a'], 'time_mentions': [], 'confidence': 0.8, 'notes': None}];TRUE
203;(BLOG) Blokade u više gradova: Žandarmerija potisnula građane u Užicu, policija sprečavala blokiranje Autokomande;RELATED;[{'event_type': 'traffic_blockade', 'trigger': 'Blokade', 'locations': ['Užice', 'Autokomanda'], 'actors': ['građane'], 'time_mentions': [], 'confidence': 0.8, 'notes': None}, {'event_type': 'clash_police_action', 'trigger': 'Žandarmerija potisnula', 'locations': ['Užice'], 'actors': ['Žandarmerija'], 'time_mentions': [], 'confidence': 0.9, 'notes': None}, {'event_type': 'clash_police_action', 'trigger': 'policija sprečavala', 'locations': ['Autokomanda'], 'actors': ['policija'], 'time_mentions': [], 'confidence': 0.9, 'notes': None}];TRUE
208;Političari o izveštaju Amnestija: Dokaz kako Vučić špijunira, ostavka direktora BIA-e;RELATED;[{'event_type': 'international_reaction', 'trigger': 'izveštaju Amnestija', 'locations': [], 'actors': ['Amnesty International'], 'time_mentions': [], 'confidence': 0.7, 'notes': None}, {'event_type': 'resignation_dismissal', 'trigger': 'ostavka', 'locations': [], 'actors': ['direktora BIA-e'], 'time_mentions': [], 'confidence': 0.8, 'notes': None}];TRUE
209;Porodično nasilje u Leskovcu: Sa bombom u ruci nasrnuo na suprugu i pretio da će je aktivirati;UNRELATED;[{'event_type': 'clash_police_action', 'trigger': 'nasrnuo na suprugu', 'locations': ['Leskovac'], 'actors': [], 'time_mentions': [], 'confidence': 0.9, 'notes': 'Porodično nasilje'}];TRUE
212;Tri maloletnika, starosti 14, 15 i 16 godina tukli 17-godišnjaka, sve to snimali, pa objavili na mrežama;UNRELATED;[{'event_type': 'clash_police_action', 'trigger': 'tukli', 'locations': [], 'actors': ['Tri maloletnika'], 'time_mentions': [], 'confidence': 0.8, 'notes': None}];TRUE
227;Meštani blokirali ulaz na deponiju u Valjevu: Odmah krenuti sa sanacijom i zatvaranjem smetlišta;RELATED;[{'event_type': 'traffic_blockade', 'trigger': 'blokirali ulaz', 'locations': ['Valjevo'], 'actors': ['Meštani'], 'time_mentions': [], 'confidence': 0.9, 'notes': None}];TRUE
232;(BLOG) Autokomanda sijala: Studenti u 24-časovnoj blokadi, pridružili im se i bajkeri i taksisti tokom noći;RELATED;[{'event_type': 'institutional_blockade', 'trigger': 'blokadi', 'locations': ['Autokomanda'], 'actors': ['Studenti', 'bajkeri', 'taksisti'], 'time_mentions': [], 'confidence': 0.9, 'notes': '24-časovna'}];TRUE
237;Tužilaštvo o nesreći u Novom Sadu: Saslušano više od 100 ljudi, planirano ispitivanje veštaka;RELATED;[{'event_type': 'investigation_charges_trial', 'trigger': 'Saslušano', 'locations': ['Novi Sad'], 'actors': ['Tužilaštvo'], 'time_mentions': [], 'confidence': 0.8, 'notes': None}];TRUE
239;Kod Šapca uhapšen mladić: Nožem napao majku, sa teškim povredama prevezena u bolnicu;RELATED;[{'event_type': 'clash_police_action', 'trigger': 'napao majku', 'locations': ['Šabac'], 'actors': [], 'time_mentions': [], 'confidence': 0.9, 'notes': 'Porodično nasilje'}];TRUE
244;"Nastavnici i roditelji mesecima traže ostavku direktorke: ""Škola ugrožena, voda curila niz instalacije""";RELATED;[{'event_type': 'resignation_dismissal', 'trigger': 'ostavku', 'locations': [], 'actors': ['direktorke'], 'time_mentions': [], 'confidence': 0.8, 'notes': None}];TRUE
250;Smenjena dekanka Medicinskog: Odluka nezakonita, ponosna sam što većina nastavnika nije glasala;RELATED;[{'event_type': 'resignation_dismissal', 'trigger': 'Smenjena dekanka', 'locations': [], 'actors': ['dekanka Medicinskog'], 'time_mentions': [], 'confidence': 0.9, 'notes': 'Odluka nezakonita'}];TRUE
254;Protest podrške uhapšenima ispred Višeg suda u Valjevu;RELATED;[{'event_type': 'protest_rally', 'trigger': 'Protest podrške', 'locations': ['Valjevo'], 'actors': [], 'time_mentions': [], 'confidence': 0.9, 'notes': 'podrška uhapšenima'}];TRUE
258;Studentkinja FON-a: Nastava neće biti realizovana sve dok se studentski zahtevi ne ispune;RELATED;[{'event_type': 'institutional_blockade', 'trigger': 'nastava neće biti realizovana', 'locations': [], 'actors': ['Studentkinja FON-a'], 'time_mentions': [], 'confidence': 0.9, 'notes': 'studentski zahtevi'}];TRUE
263;(VIDEO/FOTO) Građani i studenti zaustavljeni na putu ka Ćacilendu, na njih letele flaše, pirotehnička sredstva;RELATED;[{'event_type': 'traffic_blockade', 'trigger': 'zaustavljeni na putu', 'locations': [], 'actors': ['Građani i studenti'], 'time_mentions': [], 'confidence': 0.8, 'notes': None}];TRUE
267;U Nišu večeras 75 minuta tišine za stradale u Novom Sadu i u Severnoj Makedoniji, u Kragujevcu pomen i paljenje sveća;RELATED;[{'event_type': 'vigil_commemoration', 'trigger': 'tišine', 'locations': ['Niš', 'Kragujevac'], 'actors': [], 'time_mentions': [], 'confidence': 0.8, 'notes': 'za stradale u Novom Sadu i Severnoj Makedoniji'}];TRUE
270;"Studenti u ""Utisku nedelje"": Sistem nas je gurnuo u blokadu kroz represiju, nasilje je politika ove vlasti od samog početka";RELATED;[{'event_type': 'institutional_blockade', 'trigger': 'blokada', 'locations': [], 'actors': ['Studenti'], 'time_mentions': [], 'confidence': 0.9, 'notes': 'represija i nasilje'}];TRUE
272;Kordon policije u Užicu, policajci sprečavaju blokadu na Autokomandi u Beogradu;RELATED;[{'event_type': 'traffic_blockade', 'trigger': 'sprečavaju blokadu', 'locations': ['Užice', 'Autokomanda', 'Beograd'], 'actors': ['policajci'], 'time_mentions': [], 'confidence': 0.9, 'notes': None}];TRUE
275;Vlada Srbije donela odluku o proglašenju elementarne nepogode u pet gradova i 11 opština zbog požara;RELATED;[{'event_type': 'government_response_policy', 'trigger': 'proglašenju elementarne nepogode', 'locations': [], 'actors': ['Vlada Srbije'], 'time_mentions': [], 'confidence': 0.9, 'notes': 'zbog požara'}];TRUE
283;Srpsko književno društvo osudilo privođenje Dejana Ilića, zastrašivanje građana;RELATED;[{'event_type': 'arrest_detention', 'trigger': 'privođenje Dejana Ilića', 'locations': [], 'actors': [], 'time_mentions': [], 'confidence': 0.8, 'notes': None}];TRUE
303;"""Bojkot"": Zaposleni na Institutu za hemiju, tehnologiju i metalurgiju otkazali saradnju RTS-u";RELATED;[{'event_type': 'strike_boycott', 'trigger': 'Bojkot', 'locations': [], 'actors': ['Zaposleni na Institutu za hemiju, tehnologiju i metalurgiju'], 'time_mentions': [], 'confidence': 0.9, 'notes': 'Bojkot saradnje sa RTS-om.'}];TRUE
306;U Valjevsku gimnaziju uvedena prinudna uprava;RELATED;[{'event_type': 'institutional_blockade', 'trigger': 'prinudna uprava', 'locations': ['Valjevska gimnazija'], 'actors': [], 'time_mentions': [], 'confidence': 0.8, 'notes': None}];TRUE
310;Nova.rs: Zapadne ambasade apelovale na Vučića da se osigura bezbednost učesnika protesta;RELATED;[{'event_type': 'international_reaction', 'trigger': 'apelovale', 'locations': [], 'actors': ['Zapadne ambasade', 'Vučić'], 'time_mentions': [], 'confidence': 0.85, 'notes': 'Apel za osiguranje bezbednosti učesnika protesta.'}];TRUE
313;Sijarto: Mađarska prati dešavanja u Srbiji i da vidi pokušaje destabilizacije;RELATED;[{'event_type': 'international_reaction', 'trigger': 'prati dešavanja', 'locations': [], 'actors': ['Mađarska'], 'time_mentions': [], 'confidence': 0.7, 'notes': 'Pokušaji destabilizacije.'}];TRUE
317;Produžen pritvor trojici aktivista iz Novog Sada;RELATED;[{'event_type': 'arrest_detention', 'trigger': 'Produžen pritvor', 'locations': ['Novi Sad'], 'actors': ['trojici aktivista'], 'time_mentions': [], 'confidence': 0.9, 'notes': None}];TRUE
318;Advokat Krstić: Odluka o određivanju pritvora sedmorici Užičana doneta na Andrićevom vencu;RELATED;[{'event_type': 'arrest_detention', 'trigger': 'pritvora', 'locations': ['Užice'], 'actors': ['sedmorici Užičana'], 'time_mentions': [], 'confidence': 0.8, 'notes': None}];TRUE
319;Advokatica: Prijava protiv tužioca Stefanovića zato što je naredio hapšenje Olenika, uzurpacija VJT;RELATED;[{'event_type': 'other', 'trigger': 'prijava', 'locations': [], 'actors': ['advokatica', 'tužilac Stefanović'], 'time_mentions': [], 'confidence': 0.7, 'notes': 'Prijava zbog naređenja hapšenja.'}];TRUE
320;Frans pres: U Srbiji demonstracije prerasle u sukobe;RELATED;[{'event_type': 'clash_police_action', 'trigger': 'sukobe', 'locations': ['Srbija'], 'actors': [], 'time_mentions': [], 'confidence': 0.85, 'notes': 'Demonstracije prerasle u sukobe.'}];TRUE
325;I veće Fakulteta fizičke hemije izglasalo održavanje onlajn nastave, studenti na protestu se protive;RELATED;[{'event_type': 'strike_boycott', 'trigger': 'proteste', 'locations': [], 'actors': ['studenti Fakulteta fizičke hemije'], 'time_mentions': [], 'confidence': 0.8, 'notes': 'Protive se održavanju online nastave.'}];TRUE
326;"Subotički studenti peške na protest u Beograd: ""Da osvojimo slobodu""";RELATED;[{'event_type': 'march_walk', 'trigger': 'protest', 'locations': ['Beograd'], 'actors': ['Subotički studenti'], 'time_mentions': [], 'confidence': 0.85, 'notes': 'Peške na protest.'}];TRUE
331;Protest studenata večeras u Beogradu, zbog napada na studentkinju u Novom Sadu;RELATED;[{'event_type': 'protest_rally', 'trigger': 'Protest', 'locations': ['Beograd'], 'actors': ['studenti'], 'time_mentions': [], 'confidence': 0.9, 'notes': 'Zbog napada na studentkinju.'}];TRUE
333;"""Popravljamo KV-AR"": Studenti i maturanti iz Aranđelovca pešačiće tri dana do Kraljeva";RELATED;[{'event_type': 'march_walk', 'trigger': 'pešačiće', 'locations': ['Aranđelovac', 'Kraljevo'], 'actors': ['studenti i maturanti'], 'time_mentions': [], 'confidence': 0.8, 'notes': None}];TRUE
334;Poljoprivrednik uoči protesta: Svima nam je ugrožena egzistencija, pregovora više nema;RELATED;[{'event_type': 'protest_rally', 'trigger': 'protesta', 'locations': [], 'actors': ['poljoprivrednik'], 'time_mentions': [], 'confidence': 0.8, 'notes': 'Zbog ugrožene egzistencije.'}];TRUE
335;Svetska akademska zajednica, među kojima i nobelovci, uz studente i profesore u Srbiji;RELATED;[{'event_type': 'international_reaction', 'trigger': 'zajednica', 'locations': ['Srbija'], 'actors': ['Svetska akademska zajednica'], 'time_mentions': [], 'confidence': 0.8, 'notes': 'Podrška studentima i profesorima.'}];TRUE
343;Efektiva: Bojkot trgovinskih lanaca imao određene efekte;RELATED;[{'event_type': 'strike_boycott', 'trigger': 'bojkot', 'locations': [], 'actors': [], 'time_mentions': [], 'confidence': 0.75, 'notes': 'Bojkot trgovinskih lanaca.'}];TRUE
346;ETF ostaje u blokadi, odbačen predlog o povratku na nastavu;RELATED;[{'event_type': 'institutional_blockade', 'trigger': 'blokadi', 'locations': ['ETF'], 'actors': [], 'time_mentions': [], 'confidence': 0.8, 'notes': None}];TRUE
349;Policija zaplenila 5,5 kg heroina, uhapšena jedna osoba;UNRELATED;[{'event_type': 'arrest_detention', 'trigger': 'uhapšena', 'locations': [], 'actors': [], 'time_mentions': [], 'confidence': 0.7, 'notes': 'Zaplena heroina.'}];TRUE
351;"Cvejić: Vučićevi ""antiblokaderski skupovi"" - produbljivanje podela i zastrašivanje građana";RELATED;[{'event_type': 'government_response_policy', 'trigger': 'skupovi', 'locations': [], 'actors': ['Vučić'], 'time_mentions': [], 'confidence': 0.7, 'notes': 'Antiblokaderski skupovi.'}];TRUE
352;(FOTO) Protest u Novom Sadu kroz objektiv fotoreportera Rojtersa;RELATED;[{'event_type': 'protest_rally', 'trigger': 'Protest', 'locations': ['Novi Sad'], 'actors': [], 'time_mentions': [], 'confidence': 0.85, 'notes': 'Fotoreporteri dokumentovali događaje.'}];TRUE
355;Protest ispred policijske stanice u Subotici zbog brutalnog prebijanja muškarca;RELATED;[{'event_type': 'protest_rally', 'trigger': 'Protest', 'locations': ['Subotica'], 'actors': [], 'time_mentions': [], 'confidence': 0.8, 'notes': 'Protest zbog brutalnog prebijanja.'}];TRUE
367;Uhapšen razbojnik iz Prokuplja: Napao vlasnika menjačnice i oteo torbu sa 100.000 evra;UNRELATED;[{'event_type': 'arrest_detention', 'trigger': 'Uhapšen', 'locations': ['Prokuplje'], 'actors': ['razbojnik'], 'time_mentions': [], 'confidence': 0.8, 'notes': 'Napad na vlasnika menjačnice.'}];TRUE
369;PSG: Novosadskoj aktivistkinji ukinut pritvor pre šest dana - niko je nije obavestio;RELATED;[{'event_type': 'arrest_detention', 'trigger': 'ukinut pritvor', 'locations': ['Novi Sad'], 'actors': ['aktivistkinja'], 'time_mentions': [], 'confidence': 0.75, 'notes': None}];TRUE
372;Slađanu Trajkoviću pritvor produžen za još dva meseca;RELATED;[{'event_type': 'arrest_detention', 'trigger': 'pritvor produžen', 'locations': [], 'actors': ['Slađan Trajković'], 'time_mentions': [], 'confidence': 0.8, 'notes': None}];TRUE
376;Berlin poziva Prištinu na uzdržanost: Odustati od ciljanog delovanja protiv srpskih institucija;RELATED;[{'event_type': 'international_reaction', 'trigger': 'poziva', 'locations': [], 'actors': ['Berlin'], 'time_mentions': [], 'confidence': 0.8, 'notes': 'Poziv Prištini na uzdržanost.'}];TRUE
377;"Mreža aktivista ""Beograd ostaje"" pokrenula peticiju protiv širenja Beograda na vodi";RELATED;"[{'event_type': 'protest_rally', 'trigger': 'peticiju', 'locations': ['Beograd'], 'actors': [""Mreža aktivista 'Beograd ostaje'""], 'time_mentions': [], 'confidence': 0.8, 'notes': 'Protiv širenja Beograda na vodi.'}]";FALSE
380;"Masa na blokadi ""položila studentsku zakletvu"": Nikad neću odustati";RELATED;[{'event_type': 'protest_rally', 'trigger': 'blokadi', 'locations': [], 'actors': ['Masa'], 'time_mentions': [], 'confidence': 0.8, 'notes': 'Položena studentska zakletva.'}];TRUE
382;(VIDEO) Burno u Skupštini Kraljeva: Opšta tuča odbornika posle govora gradonačelnika;RELATED;[{'event_type': 'clash_police_action', 'trigger': 'tuča', 'locations': ['Kraljevo'], 'actors': ['odbornici'], 'time_mentions': [], 'confidence': 0.9, 'notes': 'Opšta tuča nakon govora gradonačelnika.'}];TRUE
384;Gradonačelnik Novog Sada osudio napad na studente i pozvao na dijalog;RELATED;[{'event_type': 'protest_rally', 'trigger': 'napad', 'locations': [], 'actors': [], 'time_mentions': [], 'confidence': 0.7, 'notes': 'Napad na studente i poziv na dijalog.'}];TRUE
394;U Rijeci održan skup podrške studentima u Srbiji;RELATED;[{'event_type': 'protest_rally', 'trigger': 'skup podrške', 'locations': ['Rijeka'], 'actors': [], 'time_mentions': [], 'confidence': 0.85, 'notes': 'Podrška studentima u Srbiji.'}];TRUE
396;"""Student u svakom selu"": Fakulteti u blokadi postavili štandove za razgovor sa građanima";RELATED;[{'event_type': 'institutional_blockade', 'trigger': 'blokadi', 'locations': [], 'actors': [], 'time_mentions': [], 'confidence': 0.75, 'notes': 'Postavljeni štandovi za razgovor.'}];TRUE
402;Upucan muškarac u restoranu na Novom Beogradu, policija traga za napadačem (FOTO);RELATED;[{'event_type': 'clash_police_action', 'trigger': 'upucan', 'locations': ['Novi Beograd'], 'actors': ['muškarac', 'policija'], 'time_mentions': [], 'confidence': 0.9, 'notes': None}];TRUE
405;Aleksić: Protesti studenata dokazuju da mladi nisu nezainteresovani;RELATED;[{'event_type': 'protest_rally', 'trigger': 'Protesti', 'locations': [], 'actors': ['studenti'], 'time_mentions': [], 'confidence': 0.8, 'notes': 'Protests mentioned as evidence of youth engagement.'}];TRUE
407;VJT: Miloš N. uhapšen zbog posedovanja oružja, negirao krivicu i branio se ćutanjem;RELATED;[{'event_type': 'arrest_detention', 'trigger': 'uhapšen', 'locations': [], 'actors': ['Miloš N.'], 'time_mentions': [], 'confidence': 0.9, 'notes': 'Possession of weapons, denied guilt.'}];TRUE
409;"""Kultura u blokadi"" najavila novi protest ispred Ministarstva kulture";RELATED;[{'event_type': 'protest_rally', 'trigger': 'protest', 'locations': ['ispred Ministarstva kulture'], 'actors': ['Kultura u blokadi'], 'time_mentions': [], 'confidence': 0.9, 'notes': None}];TRUE
410;Udruženje: Končarević i Stanojević uhapšeni jer su tražili odgovornost za pogibiju ljudi u Novom Sadu;RELATED;[{'event_type': 'arrest_detention', 'trigger': 'uhapšeni', 'locations': ['Novi Sad'], 'actors': ['Končarević', 'Stanojević'], 'time_mentions': [], 'confidence': 0.9, 'notes': 'Arrested for demanding accountability for deaths.'}];TRUE
411;Humanitarna novogodišnja trka oko Kalemegdana: Novac namenjen jedinom univerzitetskom sportskom klubu;RELATED;[{'event_type': 'vigil_commemoration', 'trigger': 'komemorativni skup', 'locations': ['ispred Železničke stanice', 'Novi Sad'], 'actors': [], 'time_mentions': [], 'confidence': 0.9, 'notes': None}];TRUE
417;Više incidenata tokom blokada raskrsnica u Novom Sadu;RELATED;[{'event_type': 'traffic_blockade', 'trigger': 'blokada', 'locations': ['Novi Sad'], 'actors': [], 'time_mentions': [], 'confidence': 0.9, 'notes': 'Multiple incidents during blockades.'}];TRUE
419;Organizator izložbe u Bačkom Petrovcu: Nasilnici uz zaštitu policije pocepali fotografije sa protesta;RELATED;[{'event_type': 'clash_police_action', 'trigger': 'pocepali', 'locations': ['Bački Petrovac'], 'actors': ['Nasilnici', 'policija'], 'time_mentions': [], 'confidence': 0.8, 'notes': 'Photos torn with police protection.'}];TRUE
423;Prvi zbor prosvetnih radnika održan na Trgu Republike: Formirana i radna grupa;RELATED;[{'event_type': 'protest_rally', 'trigger': 'zbor', 'locations': ['Trg Republike'], 'actors': ['prosvetni radnici'], 'time_mentions': [], 'confidence': 0.9, 'notes': 'Formation of a working group mentioned.'}];TRUE
433;Predsednik Advokatske komore Srbije: Podržavam štrajk advokata, čeka se sastanak upravnog odbora;RELATED;[{'event_type': 'strike_boycott', 'trigger': 'štrajk', 'locations': [], 'actors': ['advokati'], 'time_mentions': [], 'confidence': 0.9, 'notes': 'Support for the strike by the president of the Bar Association.'}];TRUE
437;Asistent snimatelja N1 povređen u Vrbasu: Pogođen u stomak i rame;RELATED;[{'event_type': 'clash_police_action', 'trigger': 'povređen', 'locations': ['Vrbas'], 'actors': ['asistent snimatelja N1'], 'time_mentions': [], 'confidence': 0.8, 'notes': 'Filming assistant injured.'}];TRUE
442;Uhapšen muškarac koji je na koncertu Beogradskog sindikata gađao okupljene kesama sa farbom;RELATED;[{'event_type': 'arrest_detention', 'trigger': 'uhapšen', 'locations': [], 'actors': ['muškarac'], 'time_mentions': [], 'confidence': 0.9, 'notes': 'Threw paint bags at music concert.'}];TRUE
451;Srpska novinarka napadnuta u Berlinu, polomljene joj potkolenica i šaka, napadač je vređao;RELATED;[{'event_type': 'clash_police_action', 'trigger': 'napadnuta', 'locations': ['Berlin'], 'actors': ['Srpska novinarka', 'napadač'], 'time_mentions': [], 'confidence': 0.9, 'notes': 'Journalist attacked and injured.'}];TRUE
457;Buka tokom centralnog dnevnika RTS-a: Studenti uzvikuju - izlazite napolje (VIDEO);RELATED;[{'event_type': 'protest_rally', 'trigger': 'uzvikuju', 'locations': [], 'actors': ['studenti'], 'time_mentions': [], 'confidence': 0.9, 'notes': 'Students shouting during RTS broadcast.'}];TRUE
470;Profesori Filozofskog fakulteta u Beogradu predali odluku o štrajku Upravi fakulteta i Ministarstvu prosvete;RELATED;[{'event_type': 'strike_boycott', 'trigger': 'štrajku', 'locations': [], 'actors': ['Profesori Filozofskog fakulteta'], 'time_mentions': [], 'confidence': 0.9, 'notes': 'Strike decision handed to authorities.'}];TRUE
476;Uhapšen muškarac u Kikindi: Tukao nevenčanu suprugu a psa ubio motornom testerom;UNRELATED;[{'event_type': 'clash_police_action', 'trigger': 'Uhapšen', 'locations': ['Kikinda'], 'actors': ['muškarac'], 'time_mentions': [], 'confidence': 0.9, 'notes': 'Arrested for domestic violence and animal cruelty.'}];TRUE
483;"""Zastrašivanje ljudi"": Rajić o privođenjima Nišlija nakon što je gradonačelnik pogođen jajima";RELATED;[{'event_type': 'arrest_detention', 'trigger': 'privođenjima', 'locations': ['Niš'], 'actors': [], 'time_mentions': [], 'confidence': 0.8, 'notes': 'Detentions after an egg-throwing incident.'}];TRUE
489;Pokret Bravo traži oslobađanje Pogačara koji je sinoć priveden kod Skupštine Novog Sada;RELATED;[{'event_type': 'arrest_detention', 'trigger': 'priveden', 'locations': ['Skupština Novog Sada'], 'actors': ['Pogačara'], 'time_mentions': [], 'confidence': 0.9, 'notes': 'Priveden kod Skupštine.'}];TRUE
493;U Čačku počeo protest, blokirane raskrsnice;RELATED;[{'event_type': 'traffic_blockade', 'trigger': 'blokirane', 'locations': [], 'actors': [], 'time_mentions': [], 'confidence': 0.9, 'notes': 'Protest in Čačak with blocked intersections.'}];TRUE
499;Subotički lekari kod desetak pacijenata ustanovili oštećenje sluha nakon incidenta na protestu;RELATED;[{'event_type': 'clash_police_action', 'trigger': 'incidenta', 'locations': [], 'actors': [], 'time_mentions': [], 'confidence': 0.8, 'notes': 'Hearing damage incident at a protest.'}];TRUE
505;Otkazana sednica Saveta VTŠ u Novom Sadu, studenti se okupili ispred zgrade;RELATED;[{'event_type': 'protest_rally', 'trigger': 'studenti se okupili ispred zgrade', 'locations': ['Novi Sad'], 'actors': ['studenti'], 'time_mentions': [], 'confidence': 0.9, 'notes': None}];TRUE
506;SRCE: U napadu huligana u Beogradu na vodi povređen poverenik stranke za Savski venac;RELATED;[{'event_type': 'clash_police_action', 'trigger': 'napadu huligana', 'locations': ['Beograd'], 'actors': ['huligani'], 'time_mentions': [], 'confidence': 0.8, 'notes': 'Povređen poverenik stranke za Savski venac.'}];TRUE
507;(FOTO) Ogromna gužva na auto-putu u smeru prema Nišu;RELATED;[{'event_type': 'traffic_blockade', 'trigger': 'Ogromna gužva na auto-putu', 'locations': ['auto-put prema Nišu'], 'actors': [], 'time_mentions': [], 'confidence': 0.8, 'notes': None}];TRUE
509;BIA privela Nikolu Ristića uoči protesta u Novom Sadu (VIDEO);RELATED;[{'event_type': 'arrest_detention', 'trigger': 'BIA privela Nikolu Ristića', 'locations': ['Novi Sad'], 'actors': ['BIA', 'Nikola Ristić'], 'time_mentions': [], 'confidence': 0.9, 'notes': 'Uoči protesta.'}];TRUE
512;PSG: Razlog Vučevićeve ostavke je čuvanje rejtinga SNS, a ne preuzimanje odgovornosti;RELATED;[{'event_type': 'resignation_dismissal', 'trigger': 'Vučevićeve ostavke', 'locations': [], 'actors': ['Vučević'], 'time_mentions': [], 'confidence': 0.8, 'notes': None}];TRUE
530;"Vučić na GO SNS poziva na ostavke: ""Ako mislite da imate prijatelje među koalicionim partnerima - nemate""";RELATED;[{'event_type': 'government_response_policy', 'trigger': 'Vučić poziva na ostavke', 'locations': [], 'actors': ['Vučić'], 'time_mentions': [], 'confidence': 0.8, 'notes': None}];TRUE
560;(BLOG) Dijana Hrka šesti dan štrajkuje glađu: Ispred Skupštine đaci i roditelji, traži se zabrana Ćacilenda;RELATED;[{'event_type': 'strike_boycott', 'trigger': 'štrajkuje glađu', 'locations': ['Beograd'], 'actors': ['Dijana Hrka'], 'time_mentions': [], 'confidence': 0.8, 'notes': 'Ispred Skupštine.'}];TRUE
561;(BLOG) Širom Srbije protesti podrške Bogdanu, građani i studenti jedinstveno izneli četiri zahteva;RELATED;[{'event_type': 'protest_rally', 'trigger': 'protesti podrške', 'locations': ['Srbija'], 'actors': ['građani', 'studenti'], 'time_mentions': [], 'confidence': 0.8, 'notes': 'Jedinstveni zahtevi.'}];TRUE
562;"Petković i Kokanović pušteni nakon privođenja: ""Pustiše nas a ne rekoše ni zašto su nas uhapsili""";RELATED;[{'event_type': 'arrest_detention', 'trigger': 'pušteni nakon privođenja', 'locations': [], 'actors': ['Petković', 'Kokanović'], 'time_mentions': [], 'confidence': 0.8, 'notes': None}];TRUE
567;MUP: Zaplenjene oko dve tone marihuane, uhapšene dve osobe;RELATED;[{'event_type': 'investigation_charges_trial', 'trigger': 'uhapšene dve osobe', 'locations': [], 'actors': ['MUP'], 'time_mentions': [], 'confidence': 0.8, 'notes': 'Oko dve tone marihuane zaplenjene.'}];TRUE
569;Pokret Bravo: U policiji pretučen stariji muškarac koji je uhapšen ispred novosadskog suda tokom blokade;RELATED;[{'event_type': 'clash_police_action', 'trigger': 'pretečen stariji muškarac', 'locations': ['Novi Sad'], 'actors': ['Pokret Bravo'], 'time_mentions': [], 'confidence': 0.8, 'notes': 'Tokom blokade.'}];TRUE
572;Poljoprivrednici iz Rače traktorima blokirali zgradu opštine u Karađorđevoj ulici;RELATED;[{'event_type': 'institutional_blockade', 'trigger': 'blokirali zgradu opštine', 'locations': ['Karađorđeva ulica'], 'actors': ['poljoprivrednici'], 'time_mentions': [], 'confidence': 0.8, 'notes': None}];TRUE
576;"(VIDEO) ""Idite bre kući"": Maskirani nasilnik napao i psovao ljude na blokadi, odgurnuo i kameru N1";RELATED;[{'event_type': 'clash_police_action', 'trigger': 'Maskirani nasilnik napao', 'locations': [], 'actors': ['nasilnik'], 'time_mentions': [], 'confidence': 0.8, 'notes': 'Na blokadi, odgurnuo kameru N1.'}];TRUE
577;"I Darosava dočekala studente, meštanin kaže - ""ovi ljudi neće više da žive u bespravnoj državi""";RELATED;[{'event_type': 'protest_rally', 'trigger': 'dočekala studente', 'locations': ['Darosava'], 'actors': ['meštani'], 'time_mentions': [], 'confidence': 0.8, 'notes': 'Protest protiv bespravne države.'}];TRUE
;;;;TRUE
;;;;TRUE
;;;;TRUE
;;;;TRUE
;;;;TRUE
;;;;TRUE
;;;;TRUE
;;;;TRUE
;;;;TRUE
;;;;TRUE
;;;;TRUE
;;;;TRUE
;;;;TRUE
;;;;TRUE
;;;;TRUE
;;;;TRUE
;;;;TRUE
;;;;TRUE
;;;;TRUE
;;;;TRUE
;;;;TRUE